{"cameraMode":{"drawMode":0,"name":"Shaded","section":"Shading Mode"},"sceneLighting":false,"audioPlay":false,"sceneViewState":{"m_AlwaysRefresh":false,"showFog":false,"showSkybox":false,"showFlares":false,"showImageEffects":false,"showParticleSystems":false,"showVisualEffectGraphs":true,"m_FxEnabled":true},"in2DMode":false,"pivot":{"x":-1.2689173221588135,"y":0.11868226528167725,"z":-0.8062927722930908},"rotation":{"x":-0.10038303583860398,"y":0.8990157246589661,"z":-0.28253257274627688,"w":-0.3193831145763397},"size":3.1400537490844728,"orthographic":false}